id_sample,sample_name,plot,rep,experiment,treatment,season,measurment,sampling_identifier,LAI_FILE,VERSION,DATE,TIME,PROMPT1,RESP1,PROMPT2,RESP2,TRANSCOMP,MODEL,GPSLAT,GPSLONG,GPSALT,GPSHDOP,GPSNUM,LAI,SEL,ACF,DIFN,MTA,SEM,SMP
1_a_ACRE-Biomass_Early_y22_LAI_sampling-3,a,1,,ACRE-Biomass,Early,y22,LAI,sampling-3,AE3-001A,2.0.3,20220801,15:15:13,,,,,APS,HORIZONTAL,,,,,,2.069,0.6782,0.6843,0.1980,4.583,32.19,5
1_b_ACRE-Biomass_Early_y22_LAI_sampling-3,b,1,,ACRE-Biomass,Early,y22,LAI,sampling-3,AE3-001B,2.0.3,20220801,15:17:10,,,,,APS,HORIZONTAL,,,,,,2.327,0.5339,0.7654,0.1552,38.97,3.595,4
2_a_ACRE-Biomass_Early_y22_LAI_sampling-3,a,2,,ACRE-Biomass,Early,y22,LAI,sampling-3,AE3-002A,2.0.3,20220801,15:17:58,,,,,APS,HORIZONTAL,,,,,,3.144,0.6402,0.8165,0.07981,41.37,2.338,4
2_b_ACRE-Biomass_Early_y22_LAI_sampling-3,b,2,,ACRE-Biomass,Early,y22,LAI,sampling-3,AE3-002B,2.0.3,20220801,15:18:47,,,,,APS,HORIZONTAL,,,,,,3.309,0.6147,0.7721,0.07101,38.07,1.652,4
3_a_ACRE-Biomass_Early_y22_LAI_sampling-3,a,3,,ACRE-Biomass,Early,y22,LAI,sampling-3,AE3-003A,2.0.3,20220801,15:19:26,,,,,APS,HORIZONTAL,,,,,,3.753,0.8075,0.6920,0.05425,43.22,3.359,4
3_b_ACRE-Biomass_Early_y22_LAI_sampling-3,b,3,,ACRE-Biomass,Early,y22,LAI,sampling-3,AE3-003B,2.0.3,20220801,15:20:12,,,,,APS,HORIZONTAL,,,,,,3.694,0.8311,0.6497,0.05301,43.50,3.519,4
4_a_ACRE-Biomass_Early_y22_LAI_sampling-3,a,4,,ACRE-Biomass,Early,y22,LAI,sampling-3,AE3-004A,2.0.3,20220801,15:21:00,,,,,APS,HORIZONTAL,,,,,,2.753,0.6748,0.7095,0.1138,41.06,3.010,4
4_b_ACRE-Biomass_Early_y22_LAI_sampling-3,b,4,,ACRE-Biomass,Early,y22,LAI,sampling-3,AE3-004B,2.0.3,20220801,15:21:49,,,,,APS,HORIZONTAL,,,,,,3.598,0.4787,0.9324,0.05749,38.15,2.487,3
5_a_ACRE-Biomass_Early_y22_LAI_sampling-3,a,5,,ACRE-Biomass,Early,y22,LAI,sampling-3,AE3-005A,2.0.3,20220801,15:26:58,,,,,APS,HORIZONTAL,,,,,,2.742,0.7310,0.7483,0.1131,40.67,2.257,3
5_b_ACRE-Biomass_Early_y22_LAI_sampling-3,b,5,,ACRE-Biomass,Early,y22,LAI,sampling-3,AE3-005B,2.0.3,20220801,15:27:31,,,,,APS,HORIZONTAL,,,,,,5.676,0.9660,0.8217,0.01107,42.47,2.856,3
6_a_ACRE-Biomass_Early_y22_LAI_sampling-3,a,6,,ACRE-Biomass,Early,y22,LAI,sampling-3,AE3-006A,2.0.3,20220801,15:28:02,,,,,APS,HORIZONTAL,,,,,,4.281,0.9197,0.6820,0.03465,42.55,1.176,4
6_b_ACRE-Biomass_Early_y22_LAI_sampling-3,b,6,,ACRE-Biomass,Early,y22,LAI,sampling-3,AE3-006B,2.0.3,20220801,15:28:31,,,,,APS,HORIZONTAL,,,,,,6.684,0.2774,0.9628,0.005262,42.61,4.966,3
7_a_ACRE-Biomass_Early_y22_LAI_sampling-3,a,7,,ACRE-Biomass,Early,y22,LAI,sampling-3,AE3-007A,2.0.3,20220801,15:29:13,,,,,APS,HORIZONTAL,,,,,,4.015,0.8400,0.6540,0.03968,38.31,0.9923,4
7_b_ACRE-Biomass_Early_y22_LAI_sampling-3,b,7,,ACRE-Biomass,Early,y22,LAI,sampling-3,AE3-007B,2.0.3,20220801,15:29:45,,,,,APS,HORIZONTAL,,,,,,4.386,1.021,0.6339,0.03093,42.71,5.649,4
8_a_ACRE-Biomass_Early_y22_LAI_sampling-3,a,8,,ACRE-Biomass,Early,y22,LAI,sampling-3,AE3-008A,2.0.3,20220801,15:30:17,,,,,APS,HORIZONTAL,,,,,,2.849,0.7994,0.6920,0.1032,42.38,1.453,4
8_b_ACRE-Biomass_Early_y22_LAI_sampling-3,b,8,,ACRE-Biomass,Early,y22,LAI,sampling-3,AE3-008B,2.0.3,20220801,15:31:15,,,,,APS,HORIZONTAL,,,,,,3.610,0.3275,0.9414,0.07201,14.80,26.46,3
9_a_ACRE-Biomass_Early_y22_LAI_sampling-3,a,9,,ACRE-Biomass,Early,y22,LAI,sampling-3,AE3-009A,2.0.3,20220801,15:31:49,,,,,APS,HORIZONTAL,,,,,,5.617,0.2438,0.9345,0.01380,40.17,4.053,3
9_b_ACRE-Biomass_Early_y22_LAI_sampling-3,b,9,,ACRE-Biomass,Early,y22,LAI,sampling-3,AE3-009B,2.0.3,20220801,15:32:25,,,,,APS,HORIZONTAL,,,,,,5.264,0.8423,0.7376,0.01527,39.85,1.489,4
10_a_ACRE-Biomass_Early_y22_LAI_sampling-3,a,10,,ACRE-Biomass,Early,y22,LAI,sampling-3,AE3-010A,2.0.3,20220801,15:33:01,,,,,APS,HORIZONTAL,,,,,,5.452,1.109,0.6112,0.01326,32.94,5.410,4
10_b_ACRE-Biomass_Early_y22_LAI_sampling-3,b,10,,ACRE-Biomass,Early,y22,LAI,sampling-3,AE3-010B,2.0.3,20220801,15:34:09,,,,,APS,HORIZONTAL,,,,,,5.228,1.634,0.4941,0.01594,37.23,1.551,3
11_a_ACRE-Biomass_Early_y22_LAI_sampling-3,a,11,,ACRE-Biomass,Early,y22,LAI,sampling-3,AE3-011A,2.0.3,20220801,15:34:36,,,,,APS,HORIZONTAL,,,,,,0.000,0.000,0.000,0.000,0.000,0.000,0
11_b_ACRE-Biomass_Early_y22_LAI_sampling-3,b,11,,ACRE-Biomass,Early,y22,LAI,sampling-3,AE3-011B,2.0.3,20220801,15:35:40,,,,,APS,HORIZONTAL,,,,,,3.951,0.9030,0.7361,0.04540,40.00,4.064,4
12_a_ACRE-Biomass_Early_y22_LAI_sampling-3,a,12,,ACRE-Biomass,Early,y22,LAI,sampling-3,AE3-012A,2.0.3,20220801,15:36:36,,,,,APS,HORIZONTAL,,,,,,3.678,0.4066,0.9217,0.05515,41.04,5.864,3
12_b_ACRE-Biomass_Early_y22_LAI_sampling-3,b,12,,ACRE-Biomass,Early,y22,LAI,sampling-3,AE3-012B,2.0.3,20220801,15:37:11,,,,,APS,HORIZONTAL,,,,,,3.123,0.3884,0.9209,0.08819,20.77,19.56,3
13_a_ACRE-Biomass_Early_y22_LAI_sampling-3,a,13,,ACRE-Biomass,Early,y22,LAI,sampling-3,AE3-013A,2.0.3,20220801,15:37:46,,,,,APS,HORIZONTAL,,,,,,3.668,0.5283,0.8328,0.06034,50.38,5.895,4
13_b_ACRE-Biomass_Early_y22_LAI_sampling-3,b,13,,ACRE-Biomass,Early,y22,LAI,sampling-3,AE3-013B,2.0.3,20220801,15:39:02,,,,,APS,HORIZONTAL,,,,,,4.351,0.2321,0.9555,0.03061,41.58,2.047,3
14_a_ACRE-Biomass_Early_y22_LAI_sampling-3,a,14,,ACRE-Biomass,Early,y22,LAI,sampling-3,AE3-014A,2.0.3,20220801,15:39:41,,,,,APS,HORIZONTAL,,,,,,4.036,0.8133,0.6984,0.04095,41.58,3.274,4
14_b_ACRE-Biomass_Early_y22_LAI_sampling-3,b,14,,ACRE-Biomass,Early,y22,LAI,sampling-3,AE3-014B,2.0.3,20220801,15:40:56,,,,,APS,HORIZONTAL,,,,,,4.536,0.5551,0.8840,0.03067,38.39,2.523,3
15_a_ACRE-Biomass_Early_y22_LAI_sampling-3,a,15,,ACRE-Biomass,Early,y22,LAI,sampling-3,AE3-015A,2.0.3,20220801,15:43:08,,,,,APS,HORIZONTAL,,,,,,0.000,0.000,0.000,0.000,0.000,0.000,0
15_b_ACRE-Biomass_Early_y22_LAI_sampling-3,b,15,,ACRE-Biomass,Early,y22,LAI,sampling-3,AE3-015B,2.0.3,20220801,15:44:30,,,,,APS,HORIZONTAL,,,,,,5.223,1.037,0.6200,0.01683,43.00,1.838,4
16_a_ACRE-Biomass_Early_y22_LAI_sampling-3,a,16,,ACRE-Biomass,Early,y22,LAI,sampling-3,AE3-016A,2.0.3,20220801,15:45:05,,,,,APS,HORIZONTAL,,,,,,3.849,0.7657,0.7703,0.05273,47.54,5.357,4
16_b_ACRE-Biomass_Early_y22_LAI_sampling-3,b,16,,ACRE-Biomass,Early,y22,LAI,sampling-3,AE3-016B,2.0.3,20220801,15:45:48,,,,,APS,HORIZONTAL,,,,,,4.763,1.188,0.4893,0.02728,37.56,3.809,4
17_a_ACRE-Biomass_Early_y22_LAI_sampling-3,a,17,,ACRE-Biomass,Early,y22,LAI,sampling-3,AE3-017A,2.0.3,20220801,15:46:25,,,,,APS,HORIZONTAL,,,,,,3.160,0.7282,0.7276,0.09361,54.37,3.753,5
17_b_ACRE-Biomass_Early_y22_LAI_sampling-3,b,17,,ACRE-Biomass,Early,y22,LAI,sampling-3,AE3-017B,2.0.3,20220801,15:47:01,,,,,APS,HORIZONTAL,,,,,,4.202,0.3882,0.9072,0.03803,37.08,5.108,3
18_a_ACRE-Biomass_Early_y22_LAI_sampling-3,a,18,,ACRE-Biomass,Early,y22,LAI,sampling-3,AE3-018A,2.0.3,20220801,15:47:40,,,,,APS,HORIZONTAL,,,,,,5.177,0.6730,0.8129,0.01677,42.76,3.610,4
18_b_ACRE-Biomass_Early_y22_LAI_sampling-3,b,18,,ACRE-Biomass,Early,y22,LAI,sampling-3,AE3-018B,2.0.3,20220801,15:48:25,,,,,APS,HORIZONTAL,,,,,,4.688,0.9600,0.6558,0.02492,41.30,1.828,4
19_a_ACRE-Biomass_Early_y22_LAI_sampling-3,a,19,,ACRE-Biomass,Early,y22,LAI,sampling-3,AE3-019A,2.0.3,20220801,15:49:22,,,,,APS,HORIZONTAL,,,,,,4.470,0.6662,0.8110,0.03517,45.16,8.488,4
19_b_ACRE-Biomass_Early_y22_LAI_sampling-3,b,19,,ACRE-Biomass,Early,y22,LAI,sampling-3,AE3-019B,2.0.3,20220801,15:49:52,,,,,APS,HORIZONTAL,,,,,,4.548,0.9603,0.6270,0.02881,39.57,2.156,4
20_a_ACRE-Biomass_Early_y22_LAI_sampling-3,a,20,,ACRE-Biomass,Early,y22,LAI,sampling-3,AE3-020A,2.0.3,20220801,15:50:23,,,,,APS,HORIZONTAL,,,,,,3.216,0.8120,0.6572,0.08008,18.98,17.72,4
20_b_ACRE-Biomass_Early_y22_LAI_sampling-3,b,20,,ACRE-Biomass,Early,y22,LAI,sampling-3,AE3-020B,2.0.3,20220801,15:51:29,,,,,APS,HORIZONTAL,,,,,,4.902,0.9916,0.6382,0.02091,41.33,4.288,4
21_a_ACRE-Biomass_Early_y22_LAI_sampling-3,a,21,,ACRE-Biomass,Early,y22,LAI,sampling-3,AE3-021A,2.0.3,20220801,15:52:24,,,,,APS,HORIZONTAL,,,,,,5.680,1.256,0.6533,0.01177,42.39,2.412,4
21_b_ACRE-Biomass_Early_y22_LAI_sampling-3,b,21,,ACRE-Biomass,Early,y22,LAI,sampling-3,AE3-021B,2.0.3,20220801,15:52:52,,,,,APS,HORIZONTAL,,,,,,4.951,1.244,0.4798,0.01854,40.18,1.335,4
22_a_ACRE-Biomass_Early_y22_LAI_sampling-3,a,22,,ACRE-Biomass,Early,y22,LAI,sampling-3,AE3-022A,2.0.3,20220801,15:53:25,,,,,APS,HORIZONTAL,,,,,,3.856,1.110,0.7752,0.04698,43.92,6.155,2
22_b_ACRE-Biomass_Early_y22_LAI_sampling-3,b,22,,ACRE-Biomass,Early,y22,LAI,sampling-3,AE3-022B,2.0.3,20220801,15:54:02,,,,,APS,HORIZONTAL,,,,,,3.213,0.6240,0.7634,0.08118,38.94,2.169,4
23_a_ACRE-Biomass_Early_y22_LAI_sampling-3,a,23,,ACRE-Biomass,Early,y22,LAI,sampling-3,AE3-023A,2.0.3,20220801,15:54:58,,,,,APS,HORIZONTAL,,,,,,3.607,0.7664,0.7670,0.06901,51.10,3.382,4
23_b_ACRE-Biomass_Early_y22_LAI_sampling-3,b,23,,ACRE-Biomass,Early,y22,LAI,sampling-3,AE3-023B,2.0.3,20220801,15:55:30,,,,,APS,HORIZONTAL,,,,,,3.487,0.7912,0.6883,0.06494,44.09,3.353,4
24_a_ACRE-Biomass_Early_y22_LAI_sampling-3,a,24,,ACRE-Biomass,Early,y22,LAI,sampling-3,AE3-024A,2.0.3,20220801,15:56:00,,,,,APS,HORIZONTAL,,,,,,3.115,0.4416,0.9239,0.1007,44.53,7.083,2
24_b_ACRE-Biomass_Early_y22_LAI_sampling-3,b,24,,ACRE-Biomass,Early,y22,LAI,sampling-3,AE3-024B,2.0.3,20220801,15:56:40,,,,,APS,HORIZONTAL,,,,,,2.699,0.1953,0.9515,0.1337,43.99,10.20,3
25_a_ACRE-Biomass_Early_y22_LAI_sampling-3,a,25,,ACRE-Biomass,Early,y22,LAI,sampling-3,AE3-025A,2.0.3,20220801,15:58:13,,,,,APS,HORIZONTAL,,,,,,4.412,0.5157,0.8345,0.02927,36.42,4.021,4
25_b_ACRE-Biomass_Early_y22_LAI_sampling-3,b,25,,ACRE-Biomass,Early,y22,LAI,sampling-3,AE3-025B,2.0.3,20220801,15:58:43,,,,,APS,HORIZONTAL,,,,,,3.617,0.8060,0.7226,0.05714,32.64,5.490,4
26_a_ACRE-Biomass_Early_y22_LAI_sampling-3,a,26,,ACRE-Biomass,Early,y22,LAI,sampling-3,AE3-026A,2.0.3,20220801,15:59:17,,,,,APS,HORIZONTAL,,,,,,4.804,1.108,0.5845,0.02356,31.71,8.518,4
26_b_ACRE-Biomass_Early_y22_LAI_sampling-3,b,26,,ACRE-Biomass,Early,y22,LAI,sampling-3,AE3-026B,2.0.3,20220801,15:59:57,,,,,APS,HORIZONTAL,,,,,,4.915,0.7757,0.7515,0.02007,37.54,2.926,4
27_a_ACRE-Biomass_Early_y22_LAI_sampling-3,a,27,,ACRE-Biomass,Early,y22,LAI,sampling-3,AE3-027A,2.0.3,20220801,16:00:35,,,,,APS,HORIZONTAL,,,,,,2.815,0.5175,0.8614,0.1087,42.23,2.193,4
27_b_ACRE-Biomass_Early_y22_LAI_sampling-3,b,27,,ACRE-Biomass,Early,y22,LAI,sampling-3,AE3-027B,2.0.3,20220801,16:02:17,,,,,APS,HORIZONTAL,,,,,,4.186,0.1100,0.9707,0.04099,38.90,4.302,3
28_a_ACRE-Biomass_Early_y22_LAI_sampling-3,a,28,,ACRE-Biomass,Early,y22,LAI,sampling-3,AE3-028A,2.0.3,20220801,16:02:49,,,,,APS,HORIZONTAL,,,,,,5.939,0.08270,0.9844,0.009602,34.66,6.258,3
28_b_ACRE-Biomass_Early_y22_LAI_sampling-3,b,28,,ACRE-Biomass,Early,y22,LAI,sampling-3,AE3-028B,2.0.3,20220801,16:03:27,,,,,APS,HORIZONTAL,,,,,,5.087,0.1232,0.9775,0.01696,40.72,1.027,3
29_a_ACRE-Biomass_Early_y22_LAI_sampling-3,a,29,,ACRE-Biomass,Early,y22,LAI,sampling-3,AE3-029A,2.0.3,20220801,16:04:02,,,,,APS,HORIZONTAL,,,,,,3.790,0.5530,0.8252,0.05054,44.31,4.592,4
29_b_ACRE-Biomass_Early_y22_LAI_sampling-3,b,29,,ACRE-Biomass,Early,y22,LAI,sampling-3,AE3-029B,2.0.3,20220801,16:04:40,,,,,APS,HORIZONTAL,,,,,,4.279,0.5437,0.9044,0.03316,42.81,2.943,3
30_a_ACRE-Biomass_Early_y22_LAI_sampling-3,a,30,,ACRE-Biomass,Early,y22,LAI,sampling-3,AE3-030A,2.0.3,20220801,16:05:16,,,,,APS,HORIZONTAL,,,,,,3.956,0.3043,0.9508,0.04406,42.02,1.584,4
30_b_ACRE-Biomass_Early_y22_LAI_sampling-3,b,30,,ACRE-Biomass,Early,y22,LAI,sampling-3,AE3-030B,2.0.3,20220801,16:05:49,,,,,APS,HORIZONTAL,,,,,,3.443,0.1720,0.9781,0.06605,40.83,3.438,3
31_a_ACRE-Biomass_Early_y22_LAI_sampling-3,a,31,,ACRE-Biomass,Early,y22,LAI,sampling-3,AE3-031A,2.0.3,20220801,16:07:05,,,,,APS,HORIZONTAL,,,,,,3.765,0.6327,0.8178,0.05051,43.24,2.864,4
31_b_ACRE-Biomass_Early_y22_LAI_sampling-3,b,31,,ACRE-Biomass,Early,y22,LAI,sampling-3,AE3-031B,2.0.3,20220801,16:10:02,,,,,APS,HORIZONTAL,,,,,,5.147,0.3175,0.9527,0.01690,40.77,1.491,3
32_a_ACRE-Biomass_Early_y22_LAI_sampling-3,a,32,,ACRE-Biomass,Early,y22,LAI,sampling-3,AE3-032A,2.0.3,20220801,16:10:39,,,,,APS,HORIZONTAL,,,,,,3.627,0.4172,0.8702,0.06022,43.49,3.309,4
32_b_ACRE-Biomass_Early_y22_LAI_sampling-3,b,32,,ACRE-Biomass,Early,y22,LAI,sampling-3,AE3-032B,2.0.3,20220801,16:11:08,,,,,APS,HORIZONTAL,,,,,,6.087,0.4578,0.9568,0.008060,41.42,1.090,3
33_a_ACRE-Biomass_Early_y22_LAI_sampling-3,a,33,,ACRE-Biomass,Early,y22,LAI,sampling-3,AE3-033A,2.0.3,20220801,16:11:46,,,,,APS,HORIZONTAL,,,,,,4.261,0.4651,0.9118,0.03399,40.67,2.205,3
33_b_ACRE-Biomass_Early_y22_LAI_sampling-3,b,33,,ACRE-Biomass,Early,y22,LAI,sampling-3,AE3-033B,2.0.3,20220801,16:12:12,,,,,APS,HORIZONTAL,,,,,,3.841,0.5152,0.8106,0.04875,40.72,4.796,4
34_a_ACRE-Biomass_Early_y22_LAI_sampling-3,a,34,,ACRE-Biomass,Early,y22,LAI,sampling-3,AE3-034A,2.0.3,20220801,16:12:50,,,,,APS,HORIZONTAL,,,,,,4.199,0.7425,0.7707,0.03634,42.95,3.499,4
34_b_ACRE-Biomass_Early_y22_LAI_sampling-3,b,34,,ACRE-Biomass,Early,y22,LAI,sampling-3,AE3-034B,2.0.3,20220801,16:13:22,,,,,APS,HORIZONTAL,,,,,,6.738,0.2310,0.9620,0.005103,43.43,6.323,3
35_a_ACRE-Biomass_Early_y22_LAI_sampling-3,a,35,,ACRE-Biomass,Early,y22,LAI,sampling-3,AE3-035A,2.0.3,20220801,16:13:58,,,,,APS,HORIZONTAL,,,,,,3.519,0.4929,0.8426,0.05961,41.36,1.523,4
35_b_ACRE-Biomass_Early_y22_LAI_sampling-3,b,35,,ACRE-Biomass,Early,y22,LAI,sampling-3,AE3-035B,2.0.3,20220801,16:14:24,,,,,APS,HORIZONTAL,,,,,,3.459,0.6776,0.7555,0.06676,43.67,2.582,4
36_a_ACRE-Biomass_Early_y22_LAI_sampling-3,a,36,,ACRE-Biomass,Early,y22,LAI,sampling-3,AE3-036A,2.0.3,20220801,16:15:06,,,,,APS,HORIZONTAL,,,,,,2.318,0.2785,0.9212,0.1666,45.49,2.013,4
36_b_ACRE-Biomass_Early_y22_LAI_sampling-3,b,36,,ACRE-Biomass,Early,y22,LAI,sampling-3,AE3-036B,2.0.3,20220801,16:15:37,,,,,APS,HORIZONTAL,,,,,,3.475,0.3403,0.9354,0.06215,39.55,1.571,3
37_a_ACRE-Biomass_Early_y22_LAI_sampling-3,a,37,,ACRE-Biomass,Early,y22,LAI,sampling-3,AE3-037A,2.0.3,20220801,16:16:07,,,,,APS,HORIZONTAL,,,,,,4.313,0.5909,0.8084,0.03544,40.54,4.997,4
37_b_ACRE-Biomass_Early_y22_LAI_sampling-3,b,37,,ACRE-Biomass,Early,y22,LAI,sampling-3,AE3-037B,2.0.3,20220801,16:17:01,,,,,APS,HORIZONTAL,,,,,,3.743,0.7872,0.6724,0.05020,42.36,3.695,4
38_a_ACRE-Biomass_Early_y22_LAI_sampling-3,a,38,,ACRE-Biomass,Early,y22,LAI,sampling-3,AE3-038A,2.0.3,20220801,16:17:36,,,,,APS,HORIZONTAL,,,,,,5.939,0.3133,0.9475,0.01033,41.58,7.206,3
38_b_ACRE-Biomass_Early_y22_LAI_sampling-3,b,38,,ACRE-Biomass,Early,y22,LAI,sampling-3,AE3-038B,2.0.3,20220801,16:18:00,,,,,APS,HORIZONTAL,,,,,,4.973,0.8909,0.6726,0.02015,40.61,3.488,4
39_a_ACRE-Biomass_Early_y22_LAI_sampling-3,a,39,,ACRE-Biomass,Early,y22,LAI,sampling-3,AE3-039A,2.0.3,20220801,16:18:36,,,,,APS,HORIZONTAL,,,,,,2.982,0.3387,0.9154,0.09857,40.48,1.744,4
39_b_ACRE-Biomass_Early_y22_LAI_sampling-3,b,39,,ACRE-Biomass,Early,y22,LAI,sampling-3,AE3-039B,2.0.3,20220801,16:19:06,,,,,APS,HORIZONTAL,,,,,,3.709,0.4107,0.8966,0.05159,18.87,9.178,3
40_a_ACRE-Biomass_Early_y22_LAI_sampling-3,a,40,,ACRE-Biomass,Early,y22,LAI,sampling-3,AE3-040A,2.0.3,20220801,16:19:47,,,,,APS,HORIZONTAL,,,,,,0.000,0.000,0.000,0.000,0.000,0.000,0
40_b_ACRE-Biomass_Early_y22_LAI_sampling-3,b,40,,ACRE-Biomass,Early,y22,LAI,sampling-3,AE3-040B,2.0.3,20220801,16:20:17,,,,,APS,HORIZONTAL,,,,,,4.206,0.6526,0.7861,0.03711,32.77,7.763,4
41_a_ACRE-Biomass_Early_y22_LAI_sampling-3,a,41,,ACRE-Biomass,Early,y22,LAI,sampling-3,AE3-041A,2.0.3,20220801,16:20:53,,,,,APS,HORIZONTAL,,,,,,3.590,0.5275,0.8430,0.06256,49.31,5.559,4
41_b_ACRE-Biomass_Early_y22_LAI_sampling-3,b,41,,ACRE-Biomass,Early,y22,LAI,sampling-3,AE3-041B,2.0.3,20220801,16:21:30,,,,,APS,HORIZONTAL,,,,,,4.093,0.7466,0.7396,0.04169,42.53,0.8598,4
42_a_ACRE-Biomass_Early_y22_LAI_sampling-3,a,42,,ACRE-Biomass,Early,y22,LAI,sampling-3,AE3-042A,2.0.3,20220801,16:22:13,,,,,APS,HORIZONTAL,,,,,,2.673,0.2118,0.9541,0.1441,0.000,0.000,4
42_b_ACRE-Biomass_Early_y22_LAI_sampling-3,b,42,,ACRE-Biomass,Early,y22,LAI,sampling-3,AE3-042B,2.0.3,20220801,16:22:45,PROMPT1,RESPONSE1,PROMPT2,RESPONSE2,APS,HORIZONTAL,,,,,,3.912,0.7135,0.7324,0.04912,40.47,2.767,4
43_a_ACRE-Biomass_Early_y22_LAI_sampling-3,a,43,,ACRE-Biomass,Early,y22,LAI,sampling-3,AE3-043A,2.0.3,20220801,16:23:19,PROMPT1,RESPONSE1,PROMPT2,RESPONSE2,APS,HORIZONTAL,,,,,,3.848,0.4013,0.8722,0.05036,40.66,1.992,4
43_b_ACRE-Biomass_Early_y22_LAI_sampling-3,b,43,,ACRE-Biomass,Early,y22,LAI,sampling-3,AE3-043B,2.0.3,20220801,16:24:24,PROMPT1,RESPONSE1,PROMPT2,RESPONSE2,APS,HORIZONTAL,,,,,,4.701,0.7561,0.7510,0.02583,41.43,1.040,4
44_a_ACRE-Biomass_Early_y22_LAI_sampling-3,a,44,,ACRE-Biomass,Early,y22,LAI,sampling-3,AE3-044A,2.0.3,20220801,16:25:01,PROMPT1,RESPONSE1,PROMPT2,RESPONSE2,APS,HORIZONTAL,,,,,,2.566,0.5690,0.7784,0.1345,31.82,7.758,4
44_b_ACRE-Biomass_Early_y22_LAI_sampling-3,b,44,,ACRE-Biomass,Early,y22,LAI,sampling-3,AE3-044B,2.0.3,20220801,16:25:33,PROMPT1,RESPONSE1,PROMPT2,RESPONSE2,APS,HORIZONTAL,,,,,,3.559,0.8469,0.7101,0.06200,41.81,3.402,4
45_a_ACRE-Biomass_Early_y22_LAI_sampling-3,a,45,,ACRE-Biomass,Early,y22,LAI,sampling-3,AE3-045A,2.0.3,20220801,16:26:10,PROMPT1,RESPONSE1,PROMPT2,RESPONSE2,APS,HORIZONTAL,,,,,,2.783,0.4402,0.8491,0.1069,40.86,1.564,4
45_b_ACRE-Biomass_Early_y22_LAI_sampling-3,b,45,,ACRE-Biomass,Early,y22,LAI,sampling-3,AE3-045B,2.0.3,20220801,16:26:45,PROMPT1,RESPONSE1,PROMPT2,RESPONSE2,APS,HORIZONTAL,,,,,,3.240,0.6637,0.7441,0.08376,44.92,2.754,4
46_a_ACRE-Biomass_Early_y22_LAI_sampling-3,a,46,,ACRE-Biomass,Early,y22,LAI,sampling-3,AE3-046A,2.0.3,20220801,16:27:14,PROMPT1,RESPONSE1,PROMPT2,RESPONSE2,APS,HORIZONTAL,,,,,,3.061,0.3000,0.9349,0.1061,43.65,5.505,4
46_b_ACRE-Biomass_Early_y22_LAI_sampling-3,b,46,,ACRE-Biomass,Early,y22,LAI,sampling-3,AE3-046B,2.0.3,20220801,16:27:54,PROMPT1,RESPONSE1,PROMPT2,RESPONSE2,APS,HORIZONTAL,,,,,,3.497,0.4647,0.8685,0.06973,42.80,2.313,4
47_a_ACRE-Biomass_Early_y22_LAI_sampling-3,a,47,,ACRE-Biomass,Early,y22,LAI,sampling-3,AE3-047A,2.0.3,20220801,16:28:23,PROMPT1,RESPONSE1,PROMPT2,RESPONSE2,APS,HORIZONTAL,,,,,,3.167,0.2911,0.9299,0.08810,43.25,2.147,4
47_b_ACRE-Biomass_Early_y22_LAI_sampling-3,b,47,,ACRE-Biomass,Early,y22,LAI,sampling-3,AE3-047B,2.0.3,20220801,16:29:51,PROMPT1,RESPONSE1,PROMPT2,RESPONSE2,APS,HORIZONTAL,,,,,,3.839,0.1078,0.9789,0.05289,35.07,5.176,3
48_a_ACRE-Biomass_Early_y22_LAI_sampling-3,a,48,,ACRE-Biomass,Early,y22,LAI,sampling-3,AE3-048A,2.0.3,20220801,16:30:33,PROMPT1,RESPONSE1,PROMPT2,RESPONSE2,APS,HORIZONTAL,,,,,,2.268,0.3095,0.9203,0.1778,43.93,9.672,3
48_b_ACRE-Biomass_Early_y22_LAI_sampling-3,b,48,,ACRE-Biomass,Early,y22,LAI,sampling-3,AE3-048B,2.0.3,20220801,16:30:58,PROMPT1,RESPONSE1,PROMPT2,RESPONSE2,APS,HORIZONTAL,,,,,,3.334,0.5937,0.7784,0.07170,42.25,1.363,4
49_a_ACRE-Biomass_Early_y22_LAI_sampling-3,a,49,,ACRE-Biomass,Early,y22,LAI,sampling-3,AE3-049A,2.0.3,20220801,16:32:35,PROMPT1,RESPONSE1,PROMPT2,RESPONSE2,APS,HORIZONTAL,,,,,,2.649,0.4612,0.8403,0.1221,41.09,1.571,4
49_b_ACRE-Biomass_Early_y22_LAI_sampling-3,b,49,,ACRE-Biomass,Early,y22,LAI,sampling-3,AE3-049B,2.0.3,20220801,16:33:09,PROMPT1,RESPONSE1,PROMPT2,RESPONSE2,APS,HORIZONTAL,,,,,,3.388,0.2426,0.9690,0.07147,37.20,3.302,3
50_a_ACRE-Biomass_Early_y22_LAI_sampling-3,a,50,,ACRE-Biomass,Early,y22,LAI,sampling-3,AE3-050A,2.0.3,20220801,16:34:07,PROMPT1,RESPONSE1,PROMPT2,RESPONSE2,APS,HORIZONTAL,,,,,,2.874,0.5307,0.8024,0.1021,40.64,1.520,4
50_b_ACRE-Biomass_Early_y22_LAI_sampling-3,b,50,,ACRE-Biomass,Early,y22,LAI,sampling-3,AE3-050B,2.0.3,20220801,16:34:39,PROMPT1,RESPONSE1,PROMPT2,RESPONSE2,APS,HORIZONTAL,,,,,,2.910,0.4697,0.7922,0.09886,42.50,3.231,4
51_a_ACRE-Biomass_Early_y22_LAI_sampling-3,a,51,,ACRE-Biomass,Early,y22,LAI,sampling-3,AE3-051A,2.0.3,20220801,16:36:03,PROMPT1,RESPONSE1,PROMPT2,RESPONSE2,APS,HORIZONTAL,,,,,,4.109,0.4616,0.9283,0.03786,41.27,0.6867,3
51_b_ACRE-Biomass_Early_y22_LAI_sampling-3,b,51,,ACRE-Biomass,Early,y22,LAI,sampling-3,AE3-051B,2.0.3,20220801,16:35:15,PROMPT1,RESPONSE1,PROMPT2,RESPONSE2,APS,HORIZONTAL,,,,,,2.678,0.3684,0.8524,0.1344,44.40,5.328,4
52_a_ACRE-Biomass_Early_y22_LAI_sampling-3,a,52,,ACRE-Biomass,Early,y22,LAI,sampling-3,AE3-052A,2.0.3,20220801,16:38:17,PROMPT1,RESPONSE1,PROMPT2,RESPONSE2,APS,HORIZONTAL,,,,,,3.308,0.7606,0.7294,0.07259,41.93,5.492,4
52_b_ACRE-Biomass_Early_y22_LAI_sampling-3,b,52,,ACRE-Biomass,Early,y22,LAI,sampling-3,AE3-052B,2.0.3,20220801,16:39:41,PROMPT1,RESPONSE1,PROMPT2,RESPONSE2,APS,HORIZONTAL,,,,,,3.970,0.8241,0.6792,0.04337,42.53,1.071,4
53_a_ACRE-Biomass_Early_y22_LAI_sampling-3,a,53,,ACRE-Biomass,Early,y22,LAI,sampling-3,AE3-053A,2.0.3,20220801,16:42:13,PROMPT1,RESPONSE1,PROMPT2,RESPONSE2,APS,HORIZONTAL,,,,,,3.458,0.5242,0.8314,0.06953,43.60,6.760,4
53_b_ACRE-Biomass_Early_y22_LAI_sampling-3,b,53,,ACRE-Biomass,Early,y22,LAI,sampling-3,AE3-053B,2.0.3,20220801,16:43:05,PROMPT1,RESPONSE1,PROMPT2,RESPONSE2,APS,HORIZONTAL,,,,,,3.126,0.5513,0.7671,0.08800,40.30,1.847,4
54_a_ACRE-Biomass_Early_y22_LAI_sampling-3,a,54,,ACRE-Biomass,Early,y22,LAI,sampling-3,AE3-054A,2.0.3,20220801,16:43:41,PROMPT1,RESPONSE1,PROMPT2,RESPONSE2,APS,HORIZONTAL,,,,,,3.351,0.6104,0.7742,0.07732,37.74,3.717,4
54_b_ACRE-Biomass_Early_y22_LAI_sampling-3,b,54,,ACRE-Biomass,Early,y22,LAI,sampling-3,AE3-054B,2.0.3,20220801,16:44:58,PROMPT1,RESPONSE1,PROMPT2,RESPONSE2,APS,HORIZONTAL,,,,,,3.891,0.6145,0.7938,0.04578,42.57,1.600,4
55_a_ACRE-Biomass_Early_y22_LAI_sampling-3,a,55,,ACRE-Biomass,Early,y22,LAI,sampling-3,AE3-055A,2.0.3,20220801,16:46:02,PROMPT1,RESPONSE1,PROMPT2,RESPONSE2,APS,HORIZONTAL,,,,,,3.361,0.3742,0.8697,0.07853,46.44,5.107,4
55_b_ACRE-Biomass_Early_y22_LAI_sampling-3,b,55,,ACRE-Biomass,Early,y22,LAI,sampling-3,AE3-055B,2.0.3,20220801,16:46:31,PROMPT1,RESPONSE1,PROMPT2,RESPONSE2,APS,HORIZONTAL,,,,,,3.761,0.2832,0.8930,0.05175,41.12,0.5927,3
56_a_ACRE-Biomass_Early_y22_LAI_sampling-3,a,56,,ACRE-Biomass,Early,y22,LAI,sampling-3,AE3-056A,2.0.3,20220801,16:48:19,PROMPT1,RESPONSE1,PROMPT2,RESPONSE2,APS,HORIZONTAL,,,,,,3.302,0.4627,0.8790,0.09196,57.14,4.564,4
56_b_ACRE-Biomass_Early_y22_LAI_sampling-3,b,56,,ACRE-Biomass,Early,y22,LAI,sampling-3,AE3-056B,2.0.3,20220801,16:48:47,PROMPT1,RESPONSE1,PROMPT2,RESPONSE2,APS,HORIZONTAL,,,,,,4.133,0.4729,0.9318,0.03850,34.21,7.224,3
57_a_ACRE-Biomass_Early_y22_LAI_sampling-3,a,57,,ACRE-Biomass,Early,y22,LAI,sampling-3,AE3-057A,2.0.3,20220801,16:49:29,PROMPT1,RESPONSE1,PROMPT2,RESPONSE2,APS,HORIZONTAL,,,,,,3.967,0.2407,0.9634,0.04436,42.59,2.070,3
57_b_ACRE-Biomass_Early_y22_LAI_sampling-3,b,57,,ACRE-Biomass,Early,y22,LAI,sampling-3,AE3-057B,2.0.3,20220801,16:50:00,PROMPT1,RESPONSE1,PROMPT2,RESPONSE2,APS,HORIZONTAL,,,,,,3.475,0.5804,0.7720,0.06248,42.72,2.883,4
58_a_ACRE-Biomass_Early_y22_LAI_sampling-3,a,58,,ACRE-Biomass,Early,y22,LAI,sampling-3,AE3-058A,2.0.3,20220801,16:50:30,PROMPT1,RESPONSE1,PROMPT2,RESPONSE2,APS,HORIZONTAL,,,,,,4.408,0.4422,0.9380,0.03054,41.18,1.948,3
58_b_ACRE-Biomass_Early_y22_LAI_sampling-3,b,58,,ACRE-Biomass,Early,y22,LAI,sampling-3,AE3-058B,2.0.3,20220801,16:51:03,PROMPT1,RESPONSE1,PROMPT2,RESPONSE2,APS,HORIZONTAL,,,,,,3.692,0.4164,0.9123,0.05300,41.35,3.034,3
59_a_ACRE-Biomass_Early_y22_LAI_sampling-3,a,59,,ACRE-Biomass,Early,y22,LAI,sampling-3,AE3-059A,2.0.3,20220801,16:52:58,PROMPT1,RESPONSE1,PROMPT2,RESPONSE2,APS,HORIZONTAL,,,,,,3.548,0.3614,0.9106,0.07419,54.61,4.357,4
59_b_ACRE-Biomass_Early_y22_LAI_sampling-3,b,59,,ACRE-Biomass,Early,y22,LAI,sampling-3,AE3-059B,2.0.3,20220801,16:53:28,PROMPT1,RESPONSE1,PROMPT2,RESPONSE2,APS,HORIZONTAL,,,,,,4.544,0.7149,0.8053,0.04236,51.07,7.676,3
60_a_ACRE-Biomass_Early_y22_LAI_sampling-3,a,60,,ACRE-Biomass,Early,y22,LAI,sampling-3,AE3-060A,2.0.3,20220801,16:54:10,PROMPT1,RESPONSE1,PROMPT2,RESPONSE2,APS,HORIZONTAL,,,,,,3.111,0.1709,0.9576,0.09815,48.88,3.708,4
60_b_ACRE-Biomass_Early_y22_LAI_sampling-3,b,60,,ACRE-Biomass,Early,y22,LAI,sampling-3,AE3-060B,2.0.3,20220801,16:54:36,PROMPT1,RESPONSE1,PROMPT2,RESPONSE2,APS,HORIZONTAL,,,,,,2.819,0.4144,0.8896,0.1117,45.54,2.500,4
61_a_ACRE-Biomass_Early_y22_LAI_sampling-3,a,61,,ACRE-Biomass,Early,y22,LAI,sampling-3,AE3-061A,2.0.3,20220801,16:55:57,PROMPT1,RESPONSE1,PROMPT2,RESPONSE2,APS,HORIZONTAL,,,,,,4.066,0.3071,0.9656,0.04170,42.09,1.229,3
61_b_ACRE-Biomass_Early_y22_LAI_sampling-3,b,61,,ACRE-Biomass,Early,y22,LAI,sampling-3,AE3-061B,2.0.3,20220801,16:56:29,PROMPT1,RESPONSE1,PROMPT2,RESPONSE2,APS,HORIZONTAL,,,,,,3.333,0.6085,0.7779,0.07437,41.25,3.199,4
62_a_ACRE-Biomass_Early_y22_LAI_sampling-3,a,62,,ACRE-Biomass,Early,y22,LAI,sampling-3,AE3-062A,2.0.3,20220801,16:57:50,PROMPT1,RESPONSE1,PROMPT2,RESPONSE2,APS,HORIZONTAL,,,,,,3.070,0.6002,0.8233,0.09595,46.96,5.373,4
62_b_ACRE-Biomass_Early_y22_LAI_sampling-3,b,62,,ACRE-Biomass,Early,y22,LAI,sampling-3,AE3-062B,2.0.3,20220801,16:58:18,PROMPT1,RESPONSE1,PROMPT2,RESPONSE2,APS,HORIZONTAL,,,,,,5.244,0.4228,0.9443,0.01624,38.67,5.011,3
63_a_ACRE-Biomass_Early_y22_LAI_sampling-3,a,63,,ACRE-Biomass,Early,y22,LAI,sampling-3,AE3-063A,2.0.3,20220801,16:58:57,PROMPT1,RESPONSE1,PROMPT2,RESPONSE2,APS,HORIZONTAL,,,,,,1.629,0.3961,0.8408,0.2850,41.31,3.913,4
63_b_ACRE-Biomass_Early_y22_LAI_sampling-3,b,63,,ACRE-Biomass,Early,y22,LAI,sampling-3,AE3-063B,2.0.3,20220801,16:59:33,PROMPT1,RESPONSE1,PROMPT2,RESPONSE2,APS,HORIZONTAL,,,,,,2.520,0.5592,0.7903,0.1536,52.56,4.878,3
64_a_ACRE-Biomass_Early_y22_LAI_sampling-3,a,64,,ACRE-Biomass,Early,y22,LAI,sampling-3,AE3-064A,2.0.3,20220801,17:00:54,PROMPT1,RESPONSE1,PROMPT2,RESPONSE2,APS,HORIZONTAL,,,,,,3.638,0.4171,0.9126,0.05971,43.27,4.958,4
64_b_ACRE-Biomass_Early_y22_LAI_sampling-3,b,64,,ACRE-Biomass,Early,y22,LAI,sampling-3,AE3-064B,2.0.3,20220801,17:01:23,PROMPT1,RESPONSE1,PROMPT2,RESPONSE2,APS,HORIZONTAL,,,,,,3.562,0.6110,0.7865,0.06253,42.99,1.675,4
65_a_ACRE-Biomass_Early_y22_LAI_sampling-3,a,65,,ACRE-Biomass,Early,y22,LAI,sampling-3,AE3-065A,2.0.3,20220801,17:01:52,PROMPT1,RESPONSE1,PROMPT2,RESPONSE2,APS,HORIZONTAL,,,,,,2.977,0.07975,0.9335,0.1005,47.71,2.949,4
65_b_ACRE-Biomass_Early_y22_LAI_sampling-3,b,65,,ACRE-Biomass,Early,y22,LAI,sampling-3,AE3-065B,2.0.3,20220801,17:02:22,PROMPT1,RESPONSE1,PROMPT2,RESPONSE2,APS,HORIZONTAL,,,,,,3.669,0.09079,0.9901,0.05302,40.26,1.629,3
66_a_ACRE-Biomass_Early_y22_LAI_sampling-3,a,66,,ACRE-Biomass,Early,y22,LAI,sampling-3,AE3-066A,2.0.3,20220801,17:02:51,PROMPT1,RESPONSE1,PROMPT2,RESPONSE2,APS,HORIZONTAL,,,,,,3.741,0.4606,0.8601,0.05066,39.13,2.108,4
66_b_ACRE-Biomass_Early_y22_LAI_sampling-3,b,66,,ACRE-Biomass,Early,y22,LAI,sampling-3,AE3-066B,2.0.3,20220801,17:03:18,PROMPT1,RESPONSE1,PROMPT2,RESPONSE2,APS,HORIZONTAL,,,,,,3.731,0.5111,0.8539,0.05083,38.15,1.646,4
67_a_ACRE-Biomass_Early_y22_LAI_sampling-3,a,67,,ACRE-Biomass,Early,y22,LAI,sampling-3,AE3-067A,2.0.3,20220801,17:10:29,PROMPT1,RESPONSE1,PROMPT2,RESPONSE2,APS,HORIZONTAL,,,,,,3.086,0.2593,0.9448,0.1054,50.09,6.109,4
67_b_ACRE-Biomass_Early_y22_LAI_sampling-3,b,67,,ACRE-Biomass,Early,y22,LAI,sampling-3,AE3-067B,2.0.3,20220801,17:10:55,PROMPT1,RESPONSE1,PROMPT2,RESPONSE2,APS,HORIZONTAL,,,,,,3.269,0.7602,0.7986,0.07978,42.74,6.082,3
68_a_ACRE-Biomass_Early_y22_LAI_sampling-3,a,68,,ACRE-Biomass,Early,y22,LAI,sampling-3,AE3-068A,2.0.3,20220801,17:11:50,PROMPT1,RESPONSE1,PROMPT2,RESPONSE2,APS,HORIZONTAL,,,,,,3.232,0.5223,0.8410,0.07946,43.03,6.831,4
68_b_ACRE-Biomass_Early_y22_LAI_sampling-3,b,68,,ACRE-Biomass,Early,y22,LAI,sampling-3,AE3-068B,2.0.3,20220801,17:12:19,PROMPT1,RESPONSE1,PROMPT2,RESPONSE2,APS,HORIZONTAL,,,,,,2.778,0.7570,0.6874,0.1132,39.43,3.258,4
69_a_ACRE-Biomass_Early_y22_LAI_sampling-3,a,69,,ACRE-Biomass,Early,y22,LAI,sampling-3,AE3-069A,2.0.3,20220801,17:12:55,PROMPT1,RESPONSE1,PROMPT2,RESPONSE2,APS,HORIZONTAL,,,,,,3.294,0.6344,0.7941,0.07130,42.19,3.101,4
69_b_ACRE-Biomass_Early_y22_LAI_sampling-3,b,69,,ACRE-Biomass,Early,y22,LAI,sampling-3,AE3-069B,2.0.3,20220801,17:13:29,PROMPT1,RESPONSE1,PROMPT2,RESPONSE2,APS,HORIZONTAL,,,,,,3.852,0.7809,0.6788,0.04560,41.80,4.801,4
70_a_ACRE-Biomass_Early_y22_LAI_sampling-3,a,70,,ACRE-Biomass,Early,y22,LAI,sampling-3,AE3-070A,2.0.3,20220801,17:14:03,PROMPT1,RESPONSE1,PROMPT2,RESPONSE2,APS,HORIZONTAL,,,,,,1.314,0.2369,0.9169,0.3645,54.73,7.264,4
70_b_ACRE-Biomass_Early_y22_LAI_sampling-3,b,70,,ACRE-Biomass,Early,y22,LAI,sampling-3,AE3-070B,2.0.3,20220801,17:14:51,PROMPT1,RESPONSE1,PROMPT2,RESPONSE2,APS,HORIZONTAL,,,,,,2.402,0.8540,0.7365,0.1526,46.48,2.928,3
71_a_ACRE-Biomass_Early_y22_LAI_sampling-3,a,71,,ACRE-Biomass,Early,y22,LAI,sampling-3,AE3-071A,2.0.3,20220801,17:15:21,PROMPT1,RESPONSE1,PROMPT2,RESPONSE2,APS,HORIZONTAL,,,,,,2.434,0.5337,0.7799,0.1492,44.86,3.473,4
71_b_ACRE-Biomass_Early_y22_LAI_sampling-3,b,71,,ACRE-Biomass,Early,y22,LAI,sampling-3,AE3-071B,2.0.3,20220801,17:16:04,PROMPT1,RESPONSE1,PROMPT2,RESPONSE2,APS,HORIZONTAL,,,,,,2.395,0.3493,0.8715,0.1569,44.18,0.8555,4
72_a_ACRE-Biomass_Early_y22_LAI_sampling-3,a,72,,ACRE-Biomass,Early,y22,LAI,sampling-3,AE3-072A,2.0.3,20220801,17:16:48,PROMPT1,RESPONSE1,PROMPT2,RESPONSE2,APS,HORIZONTAL,,,,,,2.200,0.3471,0.8641,0.1710,41.63,3.996,4
72_b_ACRE-Biomass_Early_y22_LAI_sampling-3,b,72,,ACRE-Biomass,Early,y22,LAI,sampling-3,AE3-072B,2.0.3,20220801,17:17:19,PROMPT1,RESPONSE1,PROMPT2,RESPONSE2,APS,HORIZONTAL,,,,,,2.716,0.4798,0.8295,0.1222,41.78,1.497,4
73_a_ACRE-Biomass_Early_y22_LAI_sampling-3,a,73,,ACRE-Biomass,Early,y22,LAI,sampling-3,AE3-073A,2.0.3,20220801,17:17:58,PROMPT1,RESPONSE1,PROMPT2,RESPONSE2,APS,HORIZONTAL,,,,,,2.550,0.4787,0.8423,0.1290,35.25,4.325,4
73_b_ACRE-Biomass_Early_y22_LAI_sampling-3,b,73,,ACRE-Biomass,Early,y22,LAI,sampling-3,AE3-073B,2.0.3,20220801,17:18:39,PROMPT1,RESPONSE1,PROMPT2,RESPONSE2,APS,HORIZONTAL,,,,,,3.610,0.7964,0.6279,0.06966,52.84,5.642,4
74_a_ACRE-Biomass_Early_y22_LAI_sampling-3,a,74,,ACRE-Biomass,Early,y22,LAI,sampling-3,AE3-074A,2.0.3,20220801,17:19:27,PROMPT1,RESPONSE1,PROMPT2,RESPONSE2,APS,HORIZONTAL,,,,,,2.569,0.4732,0.8245,0.1286,39.44,4.166,4
74_b_ACRE-Biomass_Early_y22_LAI_sampling-3,b,74,,ACRE-Biomass,Early,y22,LAI,sampling-3,AE3-074B,2.0.3,20220801,17:20:07,PROMPT1,RESPONSE1,PROMPT2,RESPONSE2,APS,HORIZONTAL,,,,,,3.059,0.5660,0.7899,0.09408,33.92,6.489,4
75_a_ACRE-Biomass_Early_y22_LAI_sampling-3,a,75,,ACRE-Biomass,Early,y22,LAI,sampling-3,AE3-075A,2.0.3,20220801,17:20:44,PROMPT1,RESPONSE1,PROMPT2,RESPONSE2,APS,HORIZONTAL,,,,,,2.936,0.5922,0.7790,0.09457,40.23,2.087,4
75_b_ACRE-Biomass_Early_y22_LAI_sampling-3,b,75,,ACRE-Biomass,Early,y22,LAI,sampling-3,AE3-075B,2.0.3,20220801,17:21:15,PROMPT1,RESPONSE1,PROMPT2,RESPONSE2,APS,HORIZONTAL,,,,,,3.155,0.7853,0.7614,0.08273,43.88,5.989,3
76_a_ACRE-Biomass_Early_y22_LAI_sampling-3,a,76,,ACRE-Biomass,Early,y22,LAI,sampling-3,AE3-076A,2.0.3,20220801,17:21:52,PROMPT1,RESPONSE1,PROMPT2,RESPONSE2,APS,HORIZONTAL,,,,,,2.653,0.5613,0.7816,0.1259,25.30,14.62,4
76_b_ACRE-Biomass_Early_y22_LAI_sampling-3,b,76,,ACRE-Biomass,Early,y22,LAI,sampling-3,AE3-076B,2.0.3,20220801,17:22:54,PROMPT1,RESPONSE1,PROMPT2,RESPONSE2,APS,HORIZONTAL,,,,,,4.215,0.5483,0.8342,0.03622,40.01,2.081,4
77_a_ACRE-Biomass_Early_y22_LAI_sampling-3,a,77,,ACRE-Biomass,Early,y22,LAI,sampling-3,AE3-077A,2.0.3,20220801,17:23:33,PROMPT1,RESPONSE1,PROMPT2,RESPONSE2,APS,HORIZONTAL,,,,,,3.569,0.5328,0.8476,0.06878,41.64,2.887,4
77_b_ACRE-Biomass_Early_y22_LAI_sampling-3,b,77,,ACRE-Biomass,Early,y22,LAI,sampling-3,AE3-077B,2.0.3,20220801,17:23:56,PROMPT1,RESPONSE1,PROMPT2,RESPONSE2,APS,HORIZONTAL,,,,,,4.103,0.6709,0.8103,0.03717,41.47,3.069,4
78_a_ACRE-Biomass_Early_y22_LAI_sampling-3,a,78,,ACRE-Biomass,Early,y22,LAI,sampling-3,AE3-078A,2.0.3,20220801,17:24:25,PROMPT1,RESPONSE1,PROMPT2,RESPONSE2,APS,HORIZONTAL,,,,,,4.186,0.09876,0.9788,0.03622,40.09,1.155,4
78_b_ACRE-Biomass_Early_y22_LAI_sampling-3,b,78,,ACRE-Biomass,Early,y22,LAI,sampling-3,AE3-078B,2.0.3,20220801,17:24:53,PROMPT1,RESPONSE1,PROMPT2,RESPONSE2,APS,HORIZONTAL,,,,,,4.261,0.6630,0.7814,0.03379,37.78,3.086,4
79_a_ACRE-Biomass_Early_y22_LAI_sampling-3,a,79,,ACRE-Biomass,Early,y22,LAI,sampling-3,AE3-079A,2.0.3,20220801,17:25:50,PROMPT1,RESPONSE1,PROMPT2,RESPONSE2,APS,HORIZONTAL,,,,,,3.546,0.2702,0.8796,0.05956,40.68,0.4818,4
79_b_ACRE-Biomass_Early_y22_LAI_sampling-3,b,79,,ACRE-Biomass,Early,y22,LAI,sampling-3,AE3-079B,2.0.3,20220801,17:26:16,PROMPT1,RESPONSE1,PROMPT2,RESPONSE2,APS,HORIZONTAL,,,,,,4.494,0.6960,0.7981,0.02802,39.15,2.981,4
80_a_ACRE-Biomass_Early_y22_LAI_sampling-3,a,80,,ACRE-Biomass,Early,y22,LAI,sampling-3,AE3-080A,2.0.3,20220801,17:26:56,PROMPT1,RESPONSE1,PROMPT2,RESPONSE2,APS,HORIZONTAL,,,,,,2.850,0.4878,0.8343,0.1025,42.49,4.020,4
80_b_ACRE-Biomass_Early_y22_LAI_sampling-3,b,80,,ACRE-Biomass,Early,y22,LAI,sampling-3,AE3-080B,2.0.3,20220801,17:27:27,PROMPT1,RESPONSE1,PROMPT2,RESPONSE2,APS,HORIZONTAL,,,,,,3.096,0.6567,0.7258,0.08460,40.88,1.782,4
81_a_ACRE-Biomass_Early_y22_LAI_sampling-3,a,81,,ACRE-Biomass,Early,y22,LAI,sampling-3,AE3-081A,2.0.3,20220801,17:28:02,PROMPT1,RESPONSE1,PROMPT2,RESPONSE2,APS,HORIZONTAL,,,,,,3.131,0.6573,0.7523,0.08512,38.01,4.302,4
81_b_ACRE-Biomass_Early_y22_LAI_sampling-3,b,81,,ACRE-Biomass,Early,y22,LAI,sampling-3,AE3-081B,2.0.3,20220801,17:28:46,PROMPT1,RESPONSE1,PROMPT2,RESPONSE2,APS,HORIZONTAL,,,,,,3.115,0.7737,0.6550,0.08152,35.96,2.491,4
82_a_ACRE-Biomass_Early_y22_LAI_sampling-3,a,82,,ACRE-Biomass,Early,y22,LAI,sampling-3,AE3-082A,2.0.3,20220801,17:29:51,PROMPT1,RESPONSE1,PROMPT2,RESPONSE2,APS,HORIZONTAL,,,,,,1.820,0.3062,0.8849,0.2341,41.34,2.568,4
82_b_ACRE-Biomass_Early_y22_LAI_sampling-3,b,82,,ACRE-Biomass,Early,y22,LAI,sampling-3,AE3-082B,2.0.3,20220801,17:30:24,PROMPT1,RESPONSE1,PROMPT2,RESPONSE2,APS,HORIZONTAL,,,,,,2.819,0.2358,0.9426,0.1091,42.60,3.351,3
83_a_ACRE-Biomass_Early_y22_LAI_sampling-3,a,83,,ACRE-Biomass,Early,y22,LAI,sampling-3,AE3-083A,2.0.3,20220801,17:31:00,PROMPT1,RESPONSE1,PROMPT2,RESPONSE2,APS,HORIZONTAL,,,,,,2.431,0.4624,0.8339,0.1424,41.69,1.455,4
83_b_ACRE-Biomass_Early_y22_LAI_sampling-3,b,83,,ACRE-Biomass,Early,y22,LAI,sampling-3,AE3-083B,2.0.3,20220801,17:31:28,PROMPT1,RESPONSE1,PROMPT2,RESPONSE2,APS,HORIZONTAL,,,,,,3.963,0.4460,0.8835,0.04139,40.15,2.266,3
84_a_ACRE-Biomass_Early_y22_LAI_sampling-3,a,84,,ACRE-Biomass,Early,y22,LAI,sampling-3,AE3-084A,2.0.3,20220801,17:33:12,PROMPT1,RESPONSE1,PROMPT2,RESPONSE2,APS,HORIZONTAL,,,,,,2.271,0.5367,0.8039,0.1667,39.09,4.284,4
84_b_ACRE-Biomass_Early_y22_LAI_sampling-3,b,84,,ACRE-Biomass,Early,y22,LAI,sampling-3,AE3-084B,2.0.3,20220801,17:34:00,PROMPT1,RESPONSE1,PROMPT2,RESPONSE2,APS,HORIZONTAL,,,,,,3.279,1.123,0.6025,0.07185,38.58,1.834,3
85_a_ACRE-Biomass_Early_y22_LAI_sampling-3,a,85,,ACRE-Biomass,Early,y22,LAI,sampling-3,AE3-085A,2.0.3,20220801,17:35:42,PROMPT1,RESPONSE1,PROMPT2,RESPONSE2,APS,HORIZONTAL,,,,,,3.560,1.113,0.6067,0.05742,41.75,3.588,4
85_b_ACRE-Biomass_Early_y22_LAI_sampling-3,b,85,,ACRE-Biomass,Early,y22,LAI,sampling-3,AE3-085B,2.0.3,20220801,17:36:22,PROMPT1,RESPONSE1,PROMPT2,RESPONSE2,APS,HORIZONTAL,,,,,,2.971,0.6001,0.7416,0.09255,39.50,2.056,4
86_a_ACRE-Biomass_Early_y22_LAI_sampling-3,a,86,,ACRE-Biomass,Early,y22,LAI,sampling-3,AE3-086A,2.0.3,20220801,17:37:15,PROMPT1,RESPONSE1,PROMPT2,RESPONSE2,APS,HORIZONTAL,,,,,,2.989,0.7444,0.7241,0.09465,40.72,1.545,4
86_b_ACRE-Biomass_Early_y22_LAI_sampling-3,b,86,,ACRE-Biomass,Early,y22,LAI,sampling-3,AE3-086B,2.0.3,20220801,17:37:51,PROMPT1,RESPONSE1,PROMPT2,RESPONSE2,APS,HORIZONTAL,,,,,,2.613,0.7155,0.6726,0.1232,39.72,3.251,4
87_a_ACRE-Biomass_Early_y22_LAI_sampling-3,a,87,,ACRE-Biomass,Early,y22,LAI,sampling-3,AE3-087A,2.0.3,20220801,17:39:20,PROMPT1,RESPONSE1,PROMPT2,RESPONSE2,APS,HORIZONTAL,,,,,,3.604,0.7062,0.7563,0.05508,37.77,2.707,4
87_b_ACRE-Biomass_Early_y22_LAI_sampling-3,b,87,,ACRE-Biomass,Early,y22,LAI,sampling-3,AE3-087B,2.0.3,20220801,17:40:03,PROMPT1,RESPONSE1,PROMPT2,RESPONSE2,APS,HORIZONTAL,,,,,,3.309,0.8463,0.5897,0.06987,39.19,1.899,4
88_a_ACRE-Biomass_Early_y22_LAI_sampling-3,a,88,,ACRE-Biomass,Early,y22,LAI,sampling-3,AE3-088A,2.0.3,20220801,17:40:54,PROMPT1,RESPONSE1,PROMPT2,RESPONSE2,APS,HORIZONTAL,,,,,,4.310,0.03817,0.9892,0.04439,18.63,20.42,2
88_b_ACRE-Biomass_Early_y22_LAI_sampling-3,b,88,,ACRE-Biomass,Early,y22,LAI,sampling-3,AE3-088B,2.0.3,20220801,17:42:28,PROMPT1,RESPONSE1,PROMPT2,RESPONSE2,APS,HORIZONTAL,,,,,,2.213,0.8063,0.6145,0.1707,44.59,8.340,4
89_a_ACRE-Biomass_Early_y22_LAI_sampling-3,a,89,,ACRE-Biomass,Early,y22,LAI,sampling-3,AE3-089A,2.0.3,20220801,17:45:26,PROMPT1,RESPONSE1,PROMPT2,RESPONSE2,APS,HORIZONTAL,,,,,,3.300,0.4498,0.8610,0.08241,48.44,5.040,4
89_b_ACRE-Biomass_Early_y22_LAI_sampling-3,b,89,,ACRE-Biomass,Early,y22,LAI,sampling-3,AE3-089B,2.0.3,20220801,17:46:26,PROMPT1,RESPONSE1,PROMPT2,RESPONSE2,APS,HORIZONTAL,,,,,,2.860,0.4671,0.8881,0.1259,38.03,4.818,3
90_a_ACRE-Biomass_Early_y22_LAI_sampling-3,a,90,,ACRE-Biomass,Early,y22,LAI,sampling-3,AE3-090A,2.0.3,20220801,17:47:01,PROMPT1,RESPONSE1,PROMPT2,RESPONSE2,APS,HORIZONTAL,,,,,,4.384,0.2825,0.9080,0.03627,48.06,4.723,4
90_b_ACRE-Biomass_Early_y22_LAI_sampling-3,b,90,,ACRE-Biomass,Early,y22,LAI,sampling-3,AE3-090B,2.0.3,20220801,17:47:30,PROMPT1,RESPONSE1,PROMPT2,RESPONSE2,APS,HORIZONTAL,,,,,,5.214,0.1232,0.9493,0.01860,43.92,3.522,3
91_a_ACRE-Biomass_Early_y22_LAI_sampling-3,a,91,,ACRE-Biomass,Early,y22,LAI,sampling-3,AE3-091A,2.0.3,20220801,17:48:15,PROMPT1,RESPONSE1,PROMPT2,RESPONSE2,APS,HORIZONTAL,,,,,,3.821,0.6517,0.8184,0.05845,48.71,0.7429,4
91_b_ACRE-Biomass_Early_y22_LAI_sampling-3,b,91,,ACRE-Biomass,Early,y22,LAI,sampling-3,AE3-091B,2.0.3,20220801,17:48:54,PROMPT1,RESPONSE1,PROMPT2,RESPONSE2,APS,HORIZONTAL,,,,,,4.176,0.4516,0.9165,0.03620,40.29,0.6303,3
92_a_ACRE-Biomass_Early_y22_LAI_sampling-3,a,92,,ACRE-Biomass,Early,y22,LAI,sampling-3,AE3-092A,2.0.3,20220801,17:49:25,PROMPT1,RESPONSE1,PROMPT2,RESPONSE2,APS,HORIZONTAL,,,,,,3.310,0.6824,0.8038,0.08772,48.94,3.166,4
92_b_ACRE-Biomass_Early_y22_LAI_sampling-3,b,92,,ACRE-Biomass,Early,y22,LAI,sampling-3,AE3-092B,2.0.3,20220801,17:49:54,PROMPT1,RESPONSE1,PROMPT2,RESPONSE2,APS,HORIZONTAL,,,,,,3.706,0.6617,0.8788,0.05368,38.70,1.329,3
93_a_ACRE-Biomass_Early_y22_LAI_sampling-3,a,93,,ACRE-Biomass,Early,y22,LAI,sampling-3,AE3-093A,2.0.3,20220801,17:50:31,PROMPT1,RESPONSE1,PROMPT2,RESPONSE2,APS,HORIZONTAL,,,,,,3.447,0.3170,0.9117,0.07666,48.88,2.142,4
93_b_ACRE-Biomass_Early_y22_LAI_sampling-3,b,93,,ACRE-Biomass,Early,y22,LAI,sampling-3,AE3-093B,2.0.3,20220801,17:50:56,PROMPT1,RESPONSE1,PROMPT2,RESPONSE2,APS,HORIZONTAL,,,,,,3.960,0.4265,0.9329,0.04412,38.69,4.445,3
94_a_ACRE-Biomass_Early_y22_LAI_sampling-3,a,94,,ACRE-Biomass,Early,y22,LAI,sampling-3,AE3-094A,2.0.3,20220801,17:51:41,PROMPT1,RESPONSE1,PROMPT2,RESPONSE2,APS,HORIZONTAL,,,,,,3.286,0.7029,0.7433,0.07410,41.27,1.054,4
94_b_ACRE-Biomass_Early_y22_LAI_sampling-3,b,94,,ACRE-Biomass,Early,y22,LAI,sampling-3,AE3-094B,2.0.3,20220801,17:52:37,PROMPT1,RESPONSE1,PROMPT2,RESPONSE2,APS,HORIZONTAL,,,,,,3.360,0.7636,0.6795,0.06964,43.39,6.381,4
95_a_ACRE-Biomass_Early_y22_LAI_sampling-3,a,95,,ACRE-Biomass,Early,y22,LAI,sampling-3,AE3-095A,2.0.3,20220801,17:53:41,PROMPT1,RESPONSE1,PROMPT2,RESPONSE2,APS,HORIZONTAL,,,,,,2.418,0.2948,0.8865,0.1606,42.12,3.746,4
95_b_ACRE-Biomass_Early_y22_LAI_sampling-3,b,95,,ACRE-Biomass,Early,y22,LAI,sampling-3,AE3-095B,2.0.3,20220801,17:54:24,PROMPT1,RESPONSE1,PROMPT2,RESPONSE2,APS,HORIZONTAL,,,,,,2.351,0.4033,0.8421,0.1699,33.03,8.085,4
96_a_ACRE-Biomass_Early_y22_LAI_sampling-3,a,96,,ACRE-Biomass,Early,y22,LAI,sampling-3,AE3-096A,2.0.3,20220801,17:54:53,PROMPT1,RESPONSE1,PROMPT2,RESPONSE2,APS,HORIZONTAL,,,,,,3.705,0.8190,0.6841,0.05252,42.13,3.953,4
96_b_ACRE-Biomass_Early_y22_LAI_sampling-3,b,96,,ACRE-Biomass,Early,y22,LAI,sampling-3,AE3-096B,2.0.3,20220801,17:56:49,PROMPT1,RESPONSE1,PROMPT2,RESPONSE2,APS,HORIZONTAL,,,,,,3.123,0.3701,0.8833,0.08653,41.19,1.208,4
97_a_ACRE-Biomass_Early_y22_LAI_sampling-3,a,97,,ACRE-Biomass,Early,y22,LAI,sampling-3,AE3-097A,2.0.3,20220801,17:57:22,PROMPT1,RESPONSE1,PROMPT2,RESPONSE2,APS,HORIZONTAL,,,,,,2.615,0.3464,0.9045,0.1415,41.25,3.317,4
97_b_ACRE-Biomass_Early_y22_LAI_sampling-3,b,97,,ACRE-Biomass,Early,y22,LAI,sampling-3,AE3-097B,2.0.3,20220801,17:58:25,PROMPT1,RESPONSE1,PROMPT2,RESPONSE2,APS,HORIZONTAL,,,,,,3.107,0.4706,0.8182,0.08725,41.59,1.211,4
98_a_ACRE-Biomass_Early_y22_LAI_sampling-3,a,98,,ACRE-Biomass,Early,y22,LAI,sampling-3,AE3-098A,2.0.3,20220801,17:58:55,PROMPT1,RESPONSE1,PROMPT2,RESPONSE2,APS,HORIZONTAL,,,,,,3.447,0.3851,0.9164,0.07791,46.80,2.813,4
98_b_ACRE-Biomass_Early_y22_LAI_sampling-3,b,98,,ACRE-Biomass,Early,y22,LAI,sampling-3,AE3-098B,2.0.3,20220801,17:59:24,PROMPT1,RESPONSE1,PROMPT2,RESPONSE2,APS,HORIZONTAL,,,,,,3.076,0.3923,0.8324,0.08854,45.85,6.356,4
99_a_ACRE-Biomass_Early_y22_LAI_sampling-3,a,99,,ACRE-Biomass,Early,y22,LAI,sampling-3,AE3-099A,2.0.3,20220801,17:59:56,PROMPT1,RESPONSE1,PROMPT2,RESPONSE2,APS,HORIZONTAL,,,,,,4.028,0.4163,0.8631,0.04307,42.72,0.5791,4
99_b_ACRE-Biomass_Early_y22_LAI_sampling-3,b,99,,ACRE-Biomass,Early,y22,LAI,sampling-3,AE3-099B,2.0.3,20220801,18:00:24,PROMPT1,RESPONSE1,PROMPT2,RESPONSE2,APS,HORIZONTAL,,,,,,3.452,0.6100,0.8917,0.07032,28.43,11.05,3
100_a_ACRE-Biomass_Early_y22_LAI_sampling-3,a,100,,ACRE-Biomass,Early,y22,LAI,sampling-3,AE3-100A,2.0.3,20220801,18:00:58,PROMPT1,RESPONSE1,PROMPT2,RESPONSE2,APS,HORIZONTAL,,,,,,4.695,0.6923,0.8004,0.02480,41.24,2.559,4
100_b_ACRE-Biomass_Early_y22_LAI_sampling-3,b,100,,ACRE-Biomass,Early,y22,LAI,sampling-3,AE3-100B,2.0.3,20220801,18:01:30,PROMPT1,RESPONSE1,PROMPT2,RESPONSE2,APS,HORIZONTAL,,,,,,4.045,0.7711,0.6965,0.04275,42.29,1.299,4
,,,,,,,,,AE3-15A,2.0.3,20220801,15:43:54,,,,,APS,HORIZONTAL,,,,,,4.165,0.8485,0.7282,0.04042,44.63,3.154,4
